{"train_loss": 2.1151964892732336, "train_accuracy": 0.7031825795644892, "valid_loss": 2.085690069705882, "valid_accuracy": 0.736, "_timestamp": 1712419295.1882327, "_runtime": 6845.854717731476, "_step": 5}