{"train_loss": 2.203631601435073, "train_accuracy": 0.6204355108877722, "valid_loss": 2.182406354457774, "valid_accuracy": 0.644, "_timestamp": 1712594762.8510385, "_runtime": 3934.8853664398193, "_step": 1}